Can you suggest a good movie for tonight?	1
Write me a poem about the sea.	1
Give me a recipe for a chocolate cake.	1
Tell me a joke about cats.	1
What do you think about the next elections?	1
Which stocks should I buy this year?	1
Help me write a birthday message for my sister.	1
What's the weather like in Tokyo in April?	1
Explain the rules of cricket.	1
Recommend a fantasy novel for my holidays.	1
Suggest three names for my new puppy.	1
Can you plan a weekend trip to Lisbon for me?	1
Write a short horror story set in a lighthouse.	1
What are some good exercises for back pain?	1
Translate "good luck" into Japanese.	1
Summarize the plot of Hamlet.	1
Give me ideas for a vegetarian dinner party.	1
How do I get better at chess?	1
Write a limerick about a lazy dog.	1
Who painted the Mona Lisa?	1
