Le comité s'est réuni mardi pour examiner le budget de l'année prochaine.	1
Les chercheurs ont observé une hausse nette des températures sur la dernière décennie.	1
La nouvelle politique entrera en vigueur au début du mois prochain.	1
La plupart des participants ont jugé les formations utiles.	1
Le pont a été achevé en 1932 après près de six ans de travaux.	1
Les ventes de la région nord ont progressé de douze pour cent sur un an.	1
Le musée prolongera ses horaires d'ouverture pendant l'été.	1
Plusieurs espèces d'oiseaux migrent vers le sud avant les premières gelées.	1
La mise à jour corrige plusieurs failles de sécurité.	1
Les agriculteurs de la région ont adopté l'irrigation au goutte-à-goutte.	1
Le rapport recommande de remplacer l'ancienne chaudière.	1
La fréquentation du colloque a doublé depuis son passage en ligne.	1
Le conseil municipal a validé une piste cyclable le long du fleuve.	1
La recette demande deux tasses de farine et une pincée de sel.	1
L'entreprise a annoncé un partenariat avec un transporteur régional.	1
Les ingénieurs cherchent encore la cause de la panne.	1
Le contrat comporte une clause de résiliation anticipée.	1
Le médicament doit être pris pendant le repas.	1
La médiathèque propose des ateliers gratuits sur le numérique.	1
Des bénévoles ont ramassé plus de deux tonnes de plastique sur la plage.	1
