Der Ausschuss traf sich am Dienstag, um den Haushalt zu prüfen.	1
Die Forscher beobachteten einen deutlichen Temperaturanstieg.	1
Die neue Regelung tritt Anfang nächsten Monats in Kraft.	1
Die meisten Teilnehmer fanden die Schulungen hilfreich.	1
Die Brücke wurde 1932 nach fast sechs Jahren Bauzeit fertiggestellt.	1
Der Umsatz in der Region Nord stieg um zwölf Prozent.	1
Das Museum verlängert im Sommer seine Öffnungszeiten.	1
Das Software-Update behebt mehrere Sicherheitslücken.	1
Der Stadtrat genehmigte einen neuen Radweg am Fluss.	1
Die Ingenieure untersuchen noch die Ursache des Ausfalls.	1
Der Vertrag enthält eine Klausel zur vorzeitigen Kündigung.	1
Freiwillige sammelten mehr als zwei Tonnen Plastik am Strand.	1
