The committee met on Tuesday to review the budget for the next fiscal year.	1
Researchers observed a significant increase in temperature over the last decade.	1
The new policy will take effect at the beginning of next month.	1
Most participants reported that the training sessions were useful.	1
The bridge was completed in 1932 after nearly six years of construction.	1
Sales in the northern region grew by twelve percent compared to last year.	1
The museum will extend its opening hours during the summer season.	1
Several species of birds migrate south before the first frost.	1
The software update fixes a number of security vulnerabilities.	1
Local farmers have started using drip irrigation to save water.	1
The report recommends replacing the old heating system.	1
Attendance at the conference doubled after it moved online.	1
The city council approved a new bike lane along the river.	1
The recipe calls for two cups of flour and a pinch of salt.	1
The company announced a partnership with a regional logistics provider.	1
Engineers are still investigating the cause of the outage.	1
The novel follows a young sailor on his first voyage.	1
Prices for raw materials have stabilised since the spring.	1
The school plans to open a new science laboratory next year.	1
Volunteers collected more than two tons of plastic from the beach.	1
The contract includes a clause on early termination.	1
Patients should take the medication with food.	1
The library offers free workshops on digital skills.	1
The team released the first public version of the tool in March.	1
